,Segment,Perk,Size,Pct_of_Base,Avg_Spend,Total_Revenue,Revenue_Share_Pct,Avg_Trips,Avg_Cancel_Rate
Baseline,Baseline,no cancelation fees,1857,30.960320106702234,974.7206658589122,1810056.2765,25.246624130660862,1.5738758029978586,0.0
Browsers or spenders,Browsers or spenders,exclusive discounts,1020,17.005668556185395,779.9976778653129,795597.6314226191,11.096977823590294,3.7794117647058822,0.0
Group travelers or heavy baggage,Group travelers or heavy baggage,free checked bags,1525,25.425141713904637,1524.4225122896173,2324744.3312416663,32.42548151278041,2.4760655737704917,0.0
VIP high spenders & frequent travelers,VIP high spenders & frequent travelers,one night with flight,522,8.702900966988997,1018.4490496179986,531630.4039005953,7.4151688861646,4.390804597701149,0.0
Hotel lovers or business travelers,Hotel lovers or business travelers,free hotel meal,1074,17.90596865621874,1589.822729942582,1707469.6119583333,23.815747646803835,3.697392923649907,0.0
