,Feature,Importance
3,total_spend,0.24981680036987555
4,num_flights,0.16962943908745856
2,num_trips,0.1318347985807211
9,flight_ratio,0.11514306969259375
5,num_hotels,0.10606675749139022
8,avg_session_duration,0.07049285490932898
0,num_clicks,0.05679654279289951
7,age,0.052025606810651784
10,hotel_ratio,0.040477987833782515
1,num_sessions,0.0077161424312980195
6,cancelation_rate,0.0
